student_id,gender,department,study_hours_per_week,attendance_pct,sleep_hours,previous_gpa,internet_access,part_time_job,exam_score
S1000,Female,Business IT,12.5,73.5,6.3,1.87,Yes,No,50.2
S1001,Female,Computer Science,13.5,88.7,6.3,2.23,Yes,No,59.6
S1002,Male,Networks,12.7,92.9,7.1,2.63,Yes,No,56.2
S1003,Female,Business IT,14.8,85.7,6.5,2.75,Yes,No,64.6
S1004,Male,Information Systems,21.4,79.1,7.8,2.82,Yes,No,66.2
S1005,Female,Networks,2.0,86.5,4.3,3.02,Yes,Yes,38.6
S1006,Male,Business IT,12.8,78.9,5.9,2.86,No,Yes,51.5
S1007,Male,Business IT,48.0,91.4,5.9,3.47,No,No,62.0
S1008,Female,Information Systems,15.5,63.7,4.2,2.7,Yes,No,54.0
S1009,Male,Computer Science,12.1,78.6,5.7,2.61,Yes,No,50.9
S1010,Male,Computer Science,5.2,62.1,5.8,3.22,Yes,No,37.7
S1011,Male,Networks,15.6,67.0,6.6,2.31,No,No,51.3
S1012,Male,Business IT,22.6,95.6,8.0,3.18,Yes,No,75.7
S1013,Male,Business IT,6.3,91.0,6.5,3.05,Yes,Yes,48.9
S1014,Male,Computer Science,18.3,74.8,5.7,2.93,Yes,No,59.7
S1015,Female,Information Systems,12.4,67.0,6.7,3.71,Yes,No,61.4
S1016,Female,Computer Science,13.7,52.4,8.0,2.72,Yes,No,47.6
S1017,Male,Information Systems,8.7,76.6,5.7,3.93,Yes,Yes,50.1
S1018,Male,Business IT,12.3,100.0,5.8,2.9,Yes,No,58.4
S1019,Female,Business IT,20.5,86.3,7.4,2.43,Yes,No,74.7
S1020,Female,Business IT,16.9,76.4,6.6,3.03,Yes,No,65.2
S1021,Female,Computer Science,22.7,86.7,7.5,2.52,Yes,No,72.8
S1022,Female,Networks,19.9,66.4,6.8,2.66,Yes,No,66.2
S1023,Female,Networks,16.2,79.0,7.6,3.18,Yes,No,56.9
S1024,Male,Business IT,22.7,83.0,5.7,3.25,Yes,No,75.1
S1025,Male,Information Systems,16.2,81.1,6.8,2.72,Yes,No,70.3
S1026,Female,Computer Science,18.1,89.9,6.6,3.44,No,Yes,66.7
S1027,Female,Information Systems,12.5,85.4,5.5,3.52,Yes,No,61.2
S1028,Male,Information Systems,14.3,88.7,5.1,3.65,No,No,64.7
S1029,Female,Business IT,10.5,75.1,7.6,3.24,Yes,Yes,56.2
S1030,Male,Business IT,18.9,91.0,6.4,3.61,Yes,No,66.1
S1031,Female,Networks,8.1,98.3,5.7,2.15,Yes,No,42.4
S1032,Female,Information Systems,17.9,72.3,6.7,2.86,Yes,Yes,61.4
S1033,Male,Computer Science,13.0,73.1,8.0,2.61,Yes,No,52.9
S1034,Male,Computer Science,19.9,95.4,4.3,3.05,Yes,No,76.5
S1035,Male,Information Systems,17.8,80.1,5.2,2.74,Yes,No,61.9
S1036,Female,Information Systems,23.1,96.0,5.8,2.93,Yes,Yes,66.6
S1037,Female,Computer Science,17.7,77.6,8.4,3.85,Yes,No,67.1
S1038,Male,Information Systems,6.1,96.6,7.1,2.92,Yes,No,40.5
S1039,Male,Business IT,13.7,83.3,7.6,3.19,Yes,No,61.5
S1040,Female,Computer Science,8.1,84.6,5.5,2.9,Yes,Yes,46.3
S1041,Male,Business IT,11.4,97.6,5.6,3.03,Yes,No,57.7
S1042,Male,Business IT,21.6,78.4,7.3,3.0,No,No,74.3
S1043,Male,Information Systems,17.2,72.6,6.9,3.2,Yes,Yes,66.6
S1044,Female,Business IT,10.5,77.5,7.4,3.52,Yes,Yes,54.0
S1045,Female,Business IT,8.9,86.5,6.6,3.74,Yes,Yes,46.4
S1046,Male,Computer Science,14.2,66.3,7.1,3.14,Yes,No,60.7
S1047,Female,Information Systems,7.9,88.4,7.0,3.27,Yes,Yes,53.6
S1048,Female,Business IT,10.6,76.6,7.7,2.48,Yes,No,52.9
S1049,Male,Information Systems,15.6,93.5,7.7,2.96,Yes,No,70.7
S1050,Female,Information Systems,19.8,58.1,5.0,3.42,Yes,No,60.1
S1051,Female,Information Systems,17.0,74.1,4.3,3.39,Yes,No,71.4
S1052,Male,Business IT,2.5,65.1,7.9,3.1,Yes,Yes,32.9
S1053,Male,Business IT,15.5,73.7,8.1,3.4,Yes,No,67.7
S1054,Female,Business IT,14.4,84.5,5.7,3.22,Yes,No,55.4
S1055,Female,Business IT,16.1,80.2,4.8,3.54,Yes,No,12.0
S1056,Male,Computer Science,22.1,79.5,6.9,3.13,Yes,No,80.0
S1057,Female,Computer Science,3.7,80.4,7.8,2.84,Yes,No,42.8
S1058,Female,Information Systems,11.0,84.0,8.8,3.15,Yes,Yes,59.7
S1059,Male,Information Systems,17.0,71.9,7.4,1.8,Yes,No,57.3
S1060,Female,Business IT,6.1,89.1,6.4,3.17,Yes,No,50.0
S1061,Male,Computer Science,21.4,88.6,5.8,1.8,Yes,No,71.4
S1062,Female,Computer Science,15.8,85.9,6.8,2.22,Yes,Yes,55.9
S1063,Male,Business IT,18.2,87.6,6.5,3.2,Yes,No,62.6
S1064,Male,Business IT,11.1,85.0,5.7,3.21,No,No,51.3
S1065,Female,Computer Science,18.1,100.0,9.1,2.48,Yes,No,73.1
S1066,Male,Computer Science,19.3,81.1,8.8,2.68,Yes,Yes,67.6
S1067,Female,Information Systems,15.2,78.9,8.0,3.62,Yes,No,60.5
S1068,Male,Information Systems,15.2,74.5,5.8,2.78,Yes,No,55.5
S1069,Female,Computer Science,15.4,71.7,7.7,4.0,No,Yes,59.4
S1070,Female,Information Systems,9.7,69.6,7.5,3.0,No,Yes,44.5
S1071,Female,Computer Science,13.3,73.1,7.3,3.18,No,No,50.9
S1072,Male,Networks,13.2,81.3,8.2,3.73,Yes,Yes,59.5
S1073,Male,Information Systems,15.9,85.3,7.5,3.06,Yes,No,62.7
S1074,Female,Information Systems,19.0,82.5,7.6,2.55,Yes,No,70.0
S1075,Female,Information Systems,8.7,74.3,7.5,2.95,Yes,No,53.9
S1076,Female,Information Systems,13.4,91.0,7.2,2.98,Yes,No,61.7
S1077,Male,Business IT,21.4,89.4,4.8,2.39,Yes,No,67.2
S1078,Female,Computer Science,10.3,80.4,6.9,2.88,Yes,Yes,51.3
S1079,Male,Business IT,9.9,75.5,6.2,2.67,Yes,No,46.7
S1080,Male,Business IT,15.0,87.5,5.4,3.42,Yes,No,60.2
S1081,Female,Computer Science,18.2,83.9,8.6,3.02,Yes,Yes,63.1
S1082,Male,Business IT,14.1,67.5,8.7,2.87,Yes,Yes,52.8
S1083,Female,Information Systems,20.6,81.3,8.3,2.95,Yes,No,67.6
S1084,Male,Information Systems,18.3,84.6,7.1,3.1,Yes,Yes,66.8
S1085,Male,Information Systems,18.2,73.0,8.3,3.28,Yes,No,71.3
S1086,Male,Business IT,16.8,83.9,6.8,2.55,Yes,No,56.6
S1087,Female,Computer Science,25.6,67.5,7.0,2.53,Yes,No,73.1
S1088,Female,Information Systems,13.0,95.4,5.6,3.5,Yes,No,63.4
S1089,Female,Computer Science,4.0,94.5,7.2,2.81,Yes,No,48.5
S1090,Female,Information Systems,22.0,79.5,6.9,2.36,Yes,No,69.1
S1091,Female,Business IT,11.7,85.6,5.4,3.2,Yes,Yes,48.9
S1092,Female,Computer Science,14.5,57.9,6.7,3.21,Yes,No,51.6
S1093,Female,Computer Science,20.5,70.4,6.7,2.31,Yes,No,64.1
S1094,Male,Information Systems,6.0,79.1,8.8,3.1,Yes,No,53.9
S1095,Male,Business IT,7.7,71.3,7.8,3.33,Yes,No,42.1
S1096,Male,Computer Science,6.0,89.1,6.8,3.17,Yes,No,52.1
S1097,Male,Information Systems,10.0,100.0,7.1,3.28,Yes,No,65.5
S1098,Female,Information Systems,16.2,70.2,6.8,2.37,Yes,No,56.9
S1099,Male,Networks,16.6,73.6,6.6,3.15,No,No,63.2
S1100,Male,Networks,15.4,84.4,5.6,2.86,Yes,No,58.7
S1101,Female,Business IT,6.9,98.1,6.6,2.78,Yes,No,51.4
S1102,Female,Information Systems,2.4,69.8,6.0,3.39,No,No,31.6
S1103,Female,Networks,14.3,84.5,5.4,3.67,Yes,Yes,52.0
S1104,Male,Business IT,11.6,100.0,7.4,3.81,Yes,Yes,67.6
S1105,Male,Business IT,16.3,65.5,7.2,3.59,No,No,57.8
S1106,Female,Computer Science,17.5,69.2,4.8,2.95,Yes,No,59.0
S1107,Male,Information Systems,14.7,77.8,6.7,3.16,Yes,No,56.1
S1108,Male,Information Systems,17.8,76.8,7.9,3.35,Yes,No,63.0
S1109,Male,Networks,15.1,90.1,8.0,3.05,Yes,Yes,62.3
S1110,Female,Computer Science,16.7,84.4,7.9,3.06,Yes,Yes,61.2
S1111,Female,Information Systems,10.5,64.3,6.8,3.37,Yes,Yes,51.4
S1112,Female,Information Systems,13.1,87.2,5.9,2.97,Yes,No,61.3
S1113,Female,Computer Science,15.0,76.2,5.6,2.67,Yes,Yes,56.0
S1114,Female,Information Systems,18.1,94.7,7.2,2.81,Yes,No,70.6
S1115,Male,Networks,12.0,75.7,7.2,3.29,Yes,No,64.4
S1116,Female,Business IT,16.6,75.6,8.2,3.0,Yes,No,60.4
S1117,Male,Business IT,12.7,87.4,8.0,3.15,No,Yes,56.4
S1118,Male,Computer Science,13.4,89.6,6.7,3.3,Yes,Yes,64.9
S1119,Female,Business IT,18.1,86.5,5.4,2.83,Yes,Yes,68.0
S1120,Male,Computer Science,8.0,65.1,6.4,3.34,Yes,Yes,100.0
S1121,Male,Business IT,7.5,87.4,7.0,3.17,Yes,Yes,48.6
S1122,Male,Information Systems,6.6,71.7,6.6,2.44,Yes,No,48.2
S1123,Female,Computer Science,2.3,84.4,6.2,3.65,Yes,No,47.9
S1124,Male,Information Systems,10.6,67.8,7.1,2.77,Yes,No,51.4
S1125,Male,Computer Science,17.7,86.5,6.2,2.26,No,No,59.3
S1126,Female,Information Systems,12.6,73.9,6.1,2.53,No,Yes,45.9
S1127,Male,Information Systems,15.0,69.2,7.1,2.54,Yes,No,57.8
S1128,Female,Information Systems,19.4,89.1,6.4,3.02,Yes,No,69.8
S1129,Female,Computer Science,20.6,84.4,7.1,2.88,Yes,No,71.3
S1130,Female,Information Systems,13.7,75.9,7.1,2.85,Yes,No,58.4
S1131,Male,Networks,20.8,96.5,5.5,3.28,Yes,No,72.9
S1132,Male,Computer Science,14.5,77.6,6.3,3.15,No,Yes,57.4
S1133,Male,Information Systems,9.8,82.3,8.4,3.14,Yes,Yes,65.2
S1134,Female,Computer Science,11.0,84.7,5.5,3.18,Yes,No,49.2
S1135,Male,Information Systems,6.6,75.8,4.5,3.28,Yes,No,48.0
S1136,Male,Networks,9.6,86.7,4.8,2.05,No,No,41.6
S1137,Male,Computer Science,12.2,76.7,6.8,2.84,Yes,No,57.8
S1138,Female,Business IT,18.0,77.9,6.8,2.02,Yes,No,60.4
S1139,Male,Information Systems,22.6,95.6,6.7,3.02,Yes,Yes,77.9
S1140,Female,Computer Science,7.1,71.6,8.1,3.0,No,No,50.6
S1141,Male,Computer Science,16.0,57.9,4.0,3.47,Yes,No,58.7
S1142,Male,Networks,8.8,98.1,7.2,3.53,Yes,No,64.5
S1143,Male,Computer Science,16.4,100.0,8.5,3.09,Yes,No,61.9
S1144,Female,Computer Science,13.3,77.9,5.6,2.77,No,Yes,56.8
S1145,Male,Information Systems,4.8,62.6,6.4,3.22,Yes,No,43.6
S1146,Male,Information Systems,18.6,78.9,6.0,2.76,Yes,Yes,66.4
S1147,Female,Computer Science,11.0,79.1,5.8,3.0,No,No,46.8
S1148,Female,Computer Science,11.3,80.1,6.4,3.44,Yes,Yes,51.8
S1149,Female,Information Systems,8.7,70.9,8.4,2.75,Yes,Yes,47.1
S1150,Female,Business IT,10.7,87.8,8.8,3.36,Yes,No,61.0
S1151,Male,Networks,16.1,87.2,6.4,3.3,Yes,No,67.9
S1152,Female,Information Systems,13.1,67.1,8.9,2.57,Yes,No,59.4
S1153,Male,Computer Science,15.6,89.0,6.8,3.44,Yes,No,60.6
S1154,Female,Information Systems,15.8,100.0,8.7,3.31,Yes,No,75.7
S1155,Female,Business IT,20.6,83.7,6.7,3.05,No,No,69.4
S1156,Female,Information Systems,12.3,78.6,6.9,2.66,Yes,No,54.4
S1157,Female,Business IT,6.6,80.6,7.2,2.61,Yes,No,40.7
S1158,Female,Business IT,19.3,88.2,10.0,2.76,Yes,Yes,71.5
S1159,Female,Business IT,12.3,64.7,7.7,3.24,Yes,No,46.3
S1160,Female,Information Systems,19.6,83.6,6.0,2.57,Yes,Yes,66.3
S1161,Male,Networks,15.9,78.1,7.9,3.2,No,No,56.6
S1162,Male,Information Systems,13.3,100.0,6.4,2.44,No,Yes,55.0
S1163,Male,Information Systems,15.7,80.3,3.0,2.91,Yes,No,61.5
S1164,Female,Computer Science,23.8,98.7,7.8,3.05,Yes,No,86.5
S1165,Male,Computer Science,24.4,71.0,6.8,4.0,Yes,No,79.9
S1166,Male,Business IT,14.3,87.9,7.1,2.38,Yes,No,56.5
S1167,Male,Business IT,14.8,85.2,6.8,3.66,Yes,Yes,61.7
S1168,Female,Information Systems,19.4,73.3,7.2,3.07,Yes,No,73.1
S1169,Female,Networks,9.8,83.8,7.3,3.19,Yes,No,58.2
S1170,Female,Information Systems,15.7,94.1,4.7,3.05,Yes,No,63.1
S1171,Male,Computer Science,13.9,78.8,7.5,3.2,Yes,No,60.7
S1172,Male,Information Systems,15.6,65.1,5.7,2.93,Yes,No,51.2
S1173,Male,Networks,9.8,81.8,5.2,3.65,Yes,No,57.8
S1174,Male,Information Systems,6.1,73.0,6.7,2.79,Yes,No,37.4
S1175,Male,Information Systems,3.6,78.6,6.9,3.51,Yes,No,49.4
S1176,Female,Computer Science,8.4,81.2,6.0,2.71,Yes,No,49.5
S1177,Female,Networks,11.7,64.9,7.7,2.97,Yes,No,63.0
S1178,Female,Networks,12.5,65.8,5.3,2.52,Yes,No,45.5
S1179,Male,Business IT,23.7,86.8,6.4,3.2,Yes,No,77.8
S1180,Male,Networks,19.5,76.8,6.2,3.65,Yes,No,78.7
S1181,Female,Networks,9.2,56.4,6.7,2.97,Yes,No,51.1
S1182,Male,Computer Science,15.7,89.8,7.1,2.91,No,No,59.8
S1183,Male,Information Systems,12.0,84.7,5.7,2.5,Yes,No,55.0
S1184,Male,Business IT,12.6,74.9,7.6,2.9,Yes,No,56.9
S1185,Female,Business IT,14.9,68.8,6.9,2.28,Yes,Yes,52.7
S1186,Female,Computer Science,17.1,90.4,4.7,2.59,No,No,57.9
S1187,Male,Information Systems,12.3,85.5,4.6,3.1,Yes,Yes,53.9
S1188,Female,Business IT,19.3,100.0,6.8,3.59,No,Yes,65.3
S1189,Female,Information Systems,8.3,86.2,6.6,4.0,Yes,No,59.0
S1190,Female,Networks,14.0,85.9,6.7,2.74,Yes,No,61.8
S1191,Female,Information Systems,27.0,80.3,6.8,3.65,Yes,No,84.1
S1192,Male,Information Systems,15.1,90.2,7.0,3.11,Yes,Yes,55.9
S1193,Female,Business IT,21.2,88.3,7.8,2.93,Yes,Yes,75.3
S1194,Male,Information Systems,14.5,94.5,5.6,3.19,Yes,No,66.0
S1195,Female,Information Systems,16.9,76.8,5.5,3.03,Yes,Yes,57.0
S1196,Female,Computer Science,13.7,77.6,5.6,3.05,No,Yes,51.6
S1197,Female,Networks,13.1,77.2,7.1,2.82,Yes,Yes,48.3
S1198,Female,Information Systems,10.1,89.9,8.2,2.37,Yes,No,50.0
S1199,Female,Information Systems,16.2,97.0,6.3,2.31,Yes,No,61.2
